LOG_PAK,WARP_PAK
0.007907222956418991,0.006325777620077133
0.007907222956418991,0.008566157892346382
0.007907222956418991,0.009752240031957626
0.007907222956418991,0.011465472169220448
0.007907222956418991,0.011992620304226875
0.007907222956418991,0.013178703375160694
0.007907222956418991,0.014233000576496124
0.007907222956418991,0.014760147780179977
0.007907222956418991,0.01607801951467991
0.007907222956418991,0.016341593116521835
0.007907222956418991,0.017132315784692764
0.007907222956418991,0.017132313922047615
0.007907222956418991,0.018054824322462082
0.007907222956418991,0.01884554512798786
0.007907222956418991,0.01884554512798786
0.007907222956418991,0.019899843260645866
0.007907222956418991,0.020822351798415184
0.007907222956418991,0.020954139530658722
0.007907222956418991,0.020954139530658722
0.007907222956418991,0.02121771313250065
